sequence_id,HFR1,CDR-H1,HFR2,CDR-H2,HFR3,CDR-H3,HFR4
IGHV1-18*01,1 - 25,26 - 32,33 - 51,52 - 57,58 - 98,-,-
IGHV1-18*03,1 - 25,26 - 32,33 - 51,52 - 57,58 - 98,-,-
IGHV1-18*04,1 - 25,26 - 32,33 - 51,52 - 57,58 - 98,-,-
IGHV1-2*01,1 - 25,26 - 32,33 - 51,52 - 57,58 - 98,-,-
IGHV1-2*02,1 - 25,26 - 32,33 - 51,52 - 57,58 - 98,-,-
IGHV1-2*03,1 - 25,26 - 32,33 - 51,52 - 57,58 - 98,-,-
IGHV1-2*04,1 - 25,26 - 32,33 - 51,52 - 57,58 - 98,-,-
IGHV1-2*05,1 - 25,26 - 32,33 - 51,52 - 57,58 - 98,-,-
IGHV1-2*06,1 - 25,26 - 32,33 - 51,52 - 57,58 - 98,-,-
IGHV1-2*07,1 - 25,26 - 32,33 - 51,52 - 57,58 - 98,-,-
IGHV1-2*08,1 - 25,26 - 32,33 - 51,52 - 57,58 - 98,-,-
IGHV1-24*01,1 - 25,26 - 32,33 - 51,52 - 57,58 - 98,-,-
IGHV1-3*01,1 - 25,26 - 32,33 - 51,52 - 57,58 - 98,-,-
IGHV1-3*02,1 - 25,26 - 32,33 - 51,52 - 57,58 - 98,-,-
IGHV1-3*03,1 - 25,26 - 32,33 - 51,52 - 57,58 - 98,-,-
IGHV1-3*04,1 - 25,26 - 32,33 - 51,52 - 57,58 - 98,-,-
IGHV1-3*05,1 - 25,26 - 32,33 - 51,52 - 57,58 - 98,-,-
IGHV1-38-4*01,1 - 25,26 - 32,33 - 51,52 - 57,58 - 98,-,-
IGHV1-45*01,1 - 25,26 - 32,33 - 51,52 - 57,58 - 98,-,-
IGHV1-45*02,1 - 25,26 - 32,33 - 51,52 - 57,58 - 98,-,-
IGHV1-45*03,1 - 25,26 - 32,33 - 51,52 - 57,58 - 98,-,-
IGHV1-46*01,1 - 25,26 - 32,33 - 51,52 - 57,58 - 98,-,-
IGHV1-46*02,1 - 25,26 - 32,33 - 51,52 - 57,58 - 98,-,-
IGHV1-46*03,1 - 25,26 - 32,33 - 51,52 - 57,58 - 98,-,-
IGHV1-46*04,1 - 25,26 - 32,33 - 51,52 - 57,58 - 98,-,-
IGHV1-58*01,1 - 25,26 - 32,33 - 51,52 - 57,58 - 98,-,-
IGHV1-58*02,1 - 25,26 - 32,33 - 51,52 - 57,58 - 98,-,-
IGHV1-58*03,1 - 25,26 - 32,33 - 51,52 - 57,58 - 98,-,-
IGHV1-68*01,1 - 25,26 - 32,33 - 51,52 - 57,58 - 98,-,-
IGHV1-68*02,1 - 25,26 - 32,33 - 51,52 - 57,58 - 98,-,-
IGHV1-68*03,1 - 25,26 - 32,33 - 51,52 - 57,58 - 98,-,-
IGHV1-68*04,1 - 25,26 - 32,33 - 51,52 - 57,58 - 98,-,-
IGHV1-68D*02,1 - 25,26 - 32,33 - 51,52 - 57,58 - 98,-,-
IGHV1-69*01,1 - 25,26 - 32,33 - 51,52 - 57,58 - 98,-,-
IGHV1-69*02,1 - 25,26 - 32,33 - 51,52 - 57,58 - 98,-,-
IGHV1-69*04,1 - 25,26 - 32,33 - 51,52 - 57,58 - 98,-,-
IGHV1-69*05,1 - 25,26 - 32,33 - 51,52 - 57,58 - 98,-,-
IGHV1-69*06,1 - 25,26 - 32,33 - 51,52 - 57,58 - 98,-,-
IGHV1-69*08,1 - 25,26 - 32,33 - 51,52 - 57,58 - 98,-,-
IGHV1-69*09,1 - 25,26 - 32,33 - 51,52 - 57,58 - 98,-,-
IGHV1-69*10,1 - 25,26 - 32,33 - 51,52 - 57,58 - 98,-,-
IGHV1-69*11,1 - 25,26 - 32,33 - 51,52 - 57,58 - 98,-,-
IGHV1-69*12,1 - 25,26 - 32,33 - 51,52 - 57,58 - 98,-,-
IGHV1-69*13,1 - 25,26 - 32,33 - 51,52 - 57,58 - 98,-,-
IGHV1-69*14,1 - 25,26 - 32,33 - 51,52 - 57,58 - 98,-,-
IGHV1-69*15,1 - 25,26 - 32,33 - 51,52 - 57,58 - 98,-,-
IGHV1-69*16,1 - 25,26 - 32,33 - 51,52 - 57,58 - 98,-,-
IGHV1-69*17,1 - 25,26 - 32,33 - 51,52 - 57,58 - 98,-,-
IGHV1-69*18,1 - 25,26 - 32,33 - 51,52 - 57,58 - 98,-,-
IGHV1-69*19,1 - 25,26 - 32,33 - 51,52 - 57,58 - 98,-,-
IGHV1-69*20,1 - 25,26 - 32,33 - 51,52 - 57,58 - 98,-,-
IGHV1-69-2*01,1 - 25,26 - 32,33 - 51,52 - 57,58 - 98,-,-
IGHV1-69D*01,1 - 25,26 - 32,33 - 51,52 - 57,58 - 98,-,-
IGHV1-8*01,1 - 25,26 - 32,33 - 51,52 - 57,58 - 98,-,-
IGHV1-8*02,1 - 25,26 - 32,33 - 51,52 - 57,58 - 98,-,-
IGHV1-8*03,1 - 25,26 - 32,33 - 51,52 - 57,58 - 98,-,-
IGHV1/OR15-1*01,1 - 25,26 - 32,33 - 51,52 - 57,58 - 98,-,-
IGHV1/OR15-1*02,1 - 25,26 - 32,33 - 51,52 - 57,58 - 98,-,-
IGHV1/OR15-1*03,1 - 25,26 - 32,33 - 51,52 - 57,58 - 98,-,-
IGHV1/OR15-1*04,1 - 25,26 - 32,33 - 51,52 - 57,58 - 98,-,-
IGHV1/OR15-3*01,1 - 24,25 - 31,32 - 50,51 - 56,57 - 97,-,-
IGHV1/OR15-3*02,1 - 24,25 - 31,32 - 50,51 - 56,57 - 97,-,-
IGHV1/OR15-3*03,1 - 24,25 - 31,32 - 50,51 - 56,57 - 97,-,-
IGHV1/OR15-5*01,1 - 13,14 - 20,21 - 39,40 - 45,46 - 86,-,-
IGHV1/OR15-5*02,1 - 25,26 - 32,33 - 51,52 - 57,58 - 98,-,-
IGHV1/OR15-9*01,1 - 25,26 - 32,33 - 51,52 - 57,58 - 98,-,-
IGHV1/OR21-1*01,1 - 25,26 - 32,33 - 51,52 - 57,58 - 98,-,-
IGHV2-10*01,1 - 25,26 - 33,34 - 52,53 - 56,57 - 97,98 - 98,-
IGHV2-10*02,1 - 25,26 - 33,34 - 52,53 - 56,57 - 97,98 - 98,-
IGHV2-26*01,1 - 25,26 - 34,35 - 53,54 - 58,59 - 99,100 - 100,-
IGHV2-26*02,1 - 25,26 - 34,35 - 53,54 - 58,59 - 99,100 - 100,-
IGHV2-26*03,1 - 25,26 - 34,35 - 53,54 - 58,59 - 99,100 - 100,-
IGHV2-26*04,1 - 25,26 - 34,35 - 53,54 - 58,59 - 99,100 - 100,-
IGHV2-26*05,1 - 25,26 - 34,35 - 53,54 - 58,59 - 99,100 - 100,-
IGHV2-5*01,1 - 25,26 - 34,35 - 53,54 - 58,59 - 99,100 - 100,-
IGHV2-5*02,1 - 25,26 - 34,35 - 53,54 - 58,59 - 99,100 - 100,-
IGHV2-5*05,1 - 25,26 - 34,35 - 53,54 - 58,59 - 99,100 - 100,-
IGHV2-5*06,1 - 25,26 - 34,35 - 53,54 - 58,59 - 99,100 - 100,-
IGHV2-5*08,1 - 25,26 - 34,35 - 53,54 - 58,59 - 99,100 - 100,-
IGHV2-5*09,1 - 25,26 - 34,35 - 53,54 - 58,59 - 99,100 - 100,-
IGHV2-70*01,1 - 25,26 - 34,35 - 53,54 - 58,59 - 99,100 - 100,-
IGHV2-70*04,1 - 25,26 - 34,35 - 53,54 - 58,59 - 99,100 - 100,-
IGHV2-70*05,1 - 25,26 - 34,35 - 53,54 - 58,59 - 99,100 - 100,-
IGHV2-70*09,1 - 25,26 - 34,35 - 53,54 - 58,59 - 99,-,-
IGHV2-70*10,1 - 25,26 - 34,35 - 53,54 - 58,59 - 99,100 - 100,-
IGHV2-70*11,1 - 25,26 - 34,35 - 53,54 - 58,59 - 99,100 - 100,-
IGHV2-70*12,1 - 25,26 - 34,35 - 53,54 - 58,59 - 99,100 - 100,-
IGHV2-70*13,1 - 25,26 - 34,35 - 53,54 - 58,59 - 99,100 - 100,-
IGHV2-70*15,1 - 25,26 - 34,35 - 53,54 - 58,59 - 99,100 - 100,-
IGHV2-70*16,1 - 25,26 - 34,35 - 53,54 - 58,59 - 99,100 - 100,-
IGHV2-70*17,1 - 25,26 - 34,35 - 53,54 - 58,59 - 99,100 - 100,-
IGHV2-70*18,1 - 25,26 - 34,35 - 53,54 - 58,59 - 99,100 - 100,-
IGHV2-70*19,1 - 25,26 - 34,35 - 53,54 - 58,59 - 99,100 - 100,-
IGHV2-70*20,1 - 25,26 - 34,35 - 53,54 - 58,59 - 99,100 - 100,-
IGHV2-70D*04,1 - 25,26 - 34,35 - 53,54 - 58,59 - 99,100 - 100,-
IGHV2-70D*14,1 - 25,26 - 34,35 - 53,54 - 58,59 - 99,100 - 100,-
IGHV2/OR16-23*01,1 - 24,25 - 33,34 - 52,53 - 56,57 - 97,98 - 98,-
IGHV2/OR16-5*01,1 - 25,26 - 34,35 - 53,54 - 58,59 - 99,100 - 100,-
IGHV3-11*01,1 - 25,26 - 32,33 - 51,52 - 57,58 - 98,-,-
IGHV3-11*03,1 - 25,26 - 32,33 - 51,52 - 57,58 - 98,-,-
IGHV3-11*04,1 - 25,26 - 32,33 - 51,52 - 57,58 - 98,-,-
IGHV3-11*05,1 - 25,26 - 32,33 - 51,52 - 57,58 - 98,-,-
IGHV3-11*06,1 - 25,26 - 32,33 - 51,52 - 57,58 - 98,-,-
IGHV3-13*01,1 - 25,26 - 32,33 - 51,52 - 56,57 - 97,-,-
IGHV3-13*02,1 - 25,26 - 32,33 - 51,52 - 56,57 - 97,-,-
IGHV3-13*03,1 - 25,26 - 32,33 - 51,52 - 56,57 - 97,-,-
IGHV3-13*04,1 - 25,26 - 32,33 - 51,52 - 56,57 - 97,-,-
IGHV3-13*05,1 - 25,26 - 32,33 - 51,52 - 56,57 - 97,-,-
IGHV3-15*01,1 - 25,26 - 32,33 - 51,52 - 59,60 - 100,-,-
IGHV3-15*02,1 - 25,26 - 32,33 - 51,52 - 59,60 - 100,-,-
IGHV3-15*03,1 - 25,26 - 32,33 - 51,52 - 59,60 - 100,-,-
IGHV3-15*04,1 - 25,26 - 32,33 - 51,52 - 59,60 - 100,-,-
IGHV3-15*05,1 - 25,26 - 32,33 - 51,52 - 59,60 - 100,-,-
IGHV3-15*06,1 - 25,26 - 32,33 - 51,52 - 59,60 - 100,-,-
IGHV3-15*07,1 - 25,26 - 32,33 - 51,52 - 59,60 - 100,-,-
IGHV3-15*08,1 - 25,26 - 32,33 - 51,52 - 59,60 - 100,-,-
IGHV3-15*09,1 - 25,26 - 32,33 - 51,52 - 59,60 - 100,-,-
IGHV3-16*01,1 - 25,26 - 32,33 - 51,52 - 57,58 - 98,-,-
IGHV3-16*02,1 - 25,26 - 32,33 - 51,52 - 57,58 - 98,-,-
IGHV3-16*03,1 - 25,26 - 32,33 - 51,52 - 57,58 - 98,-,-
IGHV3-16*04,1 - 25,26 - 32,33 - 51,52 - 57,58 - 98,-,-
IGHV3-19*01,1 - 25,26 - 32,33 - 51,52 - 57,58 - 98,-,-
IGHV3-19*02,1 - 25,26 - 32,33 - 51,52 - 57,58 - 98,-,-
IGHV3-20*01,1 - 25,26 - 32,33 - 51,52 - 57,58 - 98,-,-
IGHV3-20*02,1 - 25,26 - 32,33 - 51,52 - 57,58 - 98,-,-
IGHV3-20*03,1 - 25,26 - 32,33 - 51,52 - 57,58 - 98,-,-
IGHV3-20*04,1 - 25,26 - 32,33 - 51,52 - 57,58 - 98,-,-
IGHV3-21*01,1 - 25,26 - 32,33 - 51,52 - 57,58 - 98,-,-
IGHV3-21*02,1 - 25,26 - 32,33 - 51,52 - 57,58 - 98,-,-
IGHV3-21*03,1 - 25,26 - 32,33 - 51,52 - 57,58 - 98,-,-
IGHV3-21*04,1 - 25,26 - 32,33 - 51,52 - 57,58 - 98,-,-
IGHV3-21*05,1 - 25,26 - 32,33 - 51,52 - 57,58 - 98,-,-
IGHV3-21*06,1 - 25,26 - 32,33 - 51,52 - 57,58 - 98,-,-
IGHV3-21*07,1 - 25,26 - 32,33 - 51,52 - 57,58 - 98,-,-
IGHV3-22*01,1 - 25,26 - 32,33 - 51,52 - 58,59 - 99,-,-
IGHV3-22*02,1 - 25,26 - 32,33 - 51,52 - 58,59 - 99,-,-
IGHV3-23*01,1 - 25,26 - 32,33 - 51,52 - 57,58 - 98,-,-
IGHV3-23*02,1 - 25,26 - 32,33 - 51,52 - 57,58 - 98,-,-
IGHV3-23*03,1 - 25,26 - 32,33 - 51,52 - 57,58 - 98,-,-
IGHV3-23*04,1 - 25,26 - 32,33 - 51,52 - 57,58 - 98,-,-
IGHV3-23*05,1 - 25,26 - 32,33 - 51,52 - 57,58 - 98,-,-
IGHV3-23D*01,1 - 25,26 - 32,33 - 51,52 - 57,58 - 98,-,-
IGHV3-25*01,1 - 25,26 - 32,33 - 51,52 - 56,57 - 96,-,-
IGHV3-25*02,1 - 25,26 - 32,33 - 51,52 - 56,57 - 96,-,-
IGHV3-25*03,1 - 25,26 - 32,33 - 51,52 - 57,58 - 97,-,-
IGHV3-25*04,1 - 25,26 - 32,33 - 51,52 - 57,58 - 98,-,-
IGHV3-25*05,1 - 25,26 - 32,33 - 51,52 - 57,58 - 97,-,-
IGHV3-29*01,1 - 25,26 - 31,32 - 50,51 - 55,56 - 96,-,-
IGHV3-29*02,1 - 25,26 - 31,32 - 50,51 - 55,56 - 96,-,-
IGHV3-30*01,1 - 25,26 - 32,33 - 51,52 - 57,58 - 98,-,-
IGHV3-30*02,1 - 25,26 - 32,33 - 51,52 - 57,58 - 98,-,-
IGHV3-30*03,1 - 25,26 - 32,33 - 51,52 - 57,58 - 98,-,-
IGHV3-30*04,1 - 25,26 - 32,33 - 51,52 - 57,58 - 98,-,-
IGHV3-30*05,1 - 25,26 - 32,33 - 51,52 - 57,58 - 98,-,-
IGHV3-30*06,1 - 25,26 - 32,33 - 51,52 - 57,58 - 98,-,-
IGHV3-30*07,1 - 25,26 - 32,33 - 51,52 - 57,58 - 98,-,-
IGHV3-30*08,1 - 25,26 - 32,33 - 51,52 - 57,58 - 98,-,-
IGHV3-30*09,1 - 25,26 - 32,33 - 51,52 - 57,58 - 98,-,-
IGHV3-30*10,1 - 25,26 - 32,33 - 51,52 - 57,58 - 98,-,-
IGHV3-30*11,1 - 25,26 - 32,33 - 51,52 - 57,58 - 98,-,-
IGHV3-30*12,1 - 25,26 - 32,33 - 51,52 - 57,58 - 98,-,-
IGHV3-30*13,1 - 25,26 - 32,33 - 51,52 - 57,58 - 98,-,-
IGHV3-30*14,1 - 25,26 - 32,33 - 51,52 - 57,58 - 98,-,-
IGHV3-30*15,1 - 25,26 - 32,33 - 51,52 - 57,58 - 98,-,-
IGHV3-30*16,1 - 25,26 - 32,33 - 51,52 - 57,58 - 98,-,-
IGHV3-30*17,1 - 25,26 - 32,33 - 51,52 - 57,58 - 98,-,-
IGHV3-30*18,1 - 25,26 - 32,33 - 51,52 - 57,58 - 98,-,-
IGHV3-30*19,1 - 25,26 - 32,33 - 51,52 - 57,58 - 98,-,-
IGHV3-30*20,1 - 25,26 - 32,33 - 51,52 - 57,58 - 98,-,-
IGHV3-30-2*01,1 - 25,26 - 31,32 - 50,51 - 54,55 - 95,-,-
IGHV3-30-2*02,1 - 25,26 - 31,32 - 50,51 - 54,55 - 95,-,-
IGHV3-30-22*01,1 - 25,26 - 31,32 - 50,51 - 55,56 - 96,-,-
IGHV3-30-3*01,1 - 25,26 - 32,33 - 51,52 - 57,58 - 98,-,-
IGHV3-30-3*02,1 - 25,26 - 32,33 - 51,52 - 57,58 - 98,-,-
IGHV3-30-3*03,1 - 25,26 - 32,33 - 51,52 - 57,58 - 98,-,-
IGHV3-30-42*01,1 - 25,26 - 31,32 - 50,51 - 55,56 - 96,-,-
IGHV3-30-42*03,1 - 25,26 - 31,32 - 50,51 - 55,56 - 96,-,-
IGHV3-30-5*01,1 - 25,26 - 32,33 - 51,52 - 57,58 - 98,-,-
IGHV3-30-5*02,1 - 25,26 - 32,33 - 51,52 - 57,58 - 98,-,-
IGHV3-30-5*03,1 - 25,26 - 32,33 - 51,52 - 57,58 - 98,-,-
IGHV3-33*01,1 - 25,26 - 32,33 - 51,52 - 57,58 - 98,-,-
IGHV3-33*02,1 - 25,26 - 32,33 - 51,52 - 57,58 - 98,-,-
IGHV3-33*03,1 - 25,26 - 32,33 - 51,52 - 57,58 - 98,-,-
IGHV3-33*04,1 - 25,26 - 32,33 - 51,52 - 57,58 - 98,-,-
IGHV3-33*05,1 - 25,26 - 32,33 - 51,52 - 57,58 - 98,-,-
IGHV3-33*06,1 - 25,26 - 32,33 - 51,52 - 57,58 - 98,-,-
IGHV3-33*07,1 - 25,26 - 32,33 - 51,52 - 57,58 - 98,-,-
IGHV3-33*08,1 - 25,26 - 32,33 - 51,52 - 57,58 - 98,-,-
IGHV3-33-2*01,1 - 25,26 - 31,32 - 50,51 - 55,56 - 96,-,-
IGHV3-35*01,1 - 25,26 - 32,33 - 51,52 - 57,58 - 98,-,-
IGHV3-35*02,1 - 25,26 - 32,33 - 51,52 - 57,58 - 98,-,-
IGHV3-38*01,1 - 25,26 - 32,33 - 51,52 - 55,56 - 96,97 - 97,-
IGHV3-38*02,1 - 25,26 - 32,33 - 51,52 - 55,56 - 96,97 - 97,-
IGHV3-38*03,1 - 25,26 - 32,33 - 51,52 - 55,56 - 96,97 - 97,-
IGHV3-38-3*01,1 - 25,26 - 32,33 - 51,52 - 55,56 - 96,-,-
IGHV3-38-3*02,1 - 25,26 - 32,33 - 51,52 - 55,56 - 96,-,-
IGHV3-43*01,1 - 25,26 - 32,33 - 51,52 - 57,58 - 98,99 - 99,-
IGHV3-43*02,1 - 25,26 - 32,33 - 51,52 - 57,58 - 98,99 - 99,-
IGHV3-43D*03,1 - 25,26 - 32,33 - 51,52 - 57,58 - 98,99 - 99,-
IGHV3-43D*04,1 - 25,26 - 32,33 - 51,52 - 57,58 - 98,99 - 99,-
IGHV3-47*01,1 - 25,26 - 32,33 - 51,52 - 56,57 - 97,-,-
IGHV3-47*02,1 - 25,26 - 32,33 - 51,52 - 56,57 - 97,-,-
IGHV3-48*01,1 - 25,26 - 32,33 - 51,52 - 57,58 - 98,-,-
IGHV3-48*02,1 - 25,26 - 32,33 - 51,52 - 57,58 - 98,-,-
IGHV3-48*03,1 - 25,26 - 32,33 - 51,52 - 57,58 - 98,-,-
IGHV3-48*04,1 - 25,26 - 32,33 - 51,52 - 57,58 - 98,-,-
IGHV3-49*01,1 - 25,26 - 32,33 - 51,52 - 59,60 - 100,-,-
IGHV3-49*02,1 - 25,26 - 32,33 - 51,52 - 59,60 - 100,-,-
IGHV3-49*03,1 - 25,26 - 32,33 - 51,52 - 59,60 - 100,-,-
IGHV3-49*04,1 - 25,26 - 32,33 - 51,52 - 59,60 - 100,-,-
IGHV3-49*05,1 - 25,26 - 32,33 - 51,52 - 59,60 - 100,-,-
IGHV3-52*01,1 - 24,25 - 31,32 - 50,51 - 56,57 - 97,-,-
IGHV3-52*02,1 - 24,25 - 31,32 - 50,51 - 56,57 - 97,-,-
IGHV3-52*03,1 - 24,25 - 31,32 - 50,51 - 56,57 - 97,-,-
IGHV3-53*01,1 - 25,26 - 32,33 - 51,52 - 56,57 - 97,-,-
IGHV3-53*02,1 - 25,26 - 32,33 - 51,52 - 56,57 - 97,-,-
IGHV3-53*03,1 - 25,26 - 32,33 - 51,52 - 56,57 - 97,-,-
IGHV3-53*04,1 - 25,26 - 32,33 - 51,52 - 56,57 - 97,-,-
IGHV3-53*05,1 - 25,26 - 32,33 - 51,52 - 56,57 - 97,-,-
IGHV3-53*06,1 - 25,26 - 32,33 - 51,52 - 56,57 - 97,-,-
IGHV3-62*04,1 - 25,26 - 32,33 - 51,52 - 57,58 - 98,-,-
IGHV3-62*06,1 - 25,26 - 32,33 - 51,52 - 57,58 - 98,-,-
IGHV3-64*01,1 - 25,26 - 32,33 - 51,52 - 57,58 - 98,-,-
IGHV3-64*02,1 - 25,26 - 32,33 - 51,52 - 57,58 - 98,-,-
IGHV3-64*03,1 - 25,26 - 32,33 - 51,52 - 57,58 - 98,-,-
IGHV3-64*04,1 - 25,26 - 32,33 - 51,52 - 57,58 - 98,-,-
IGHV3-64*05,1 - 25,26 - 32,33 - 51,52 - 57,58 - 98,-,-
IGHV3-64*07,1 - 25,26 - 32,33 - 51,52 - 57,58 - 98,-,-
IGHV3-64D*06,1 - 25,26 - 32,33 - 51,52 - 57,58 - 98,-,-
IGHV3-64D*08,1 - 25,26 - 32,33 - 51,52 - 57,58 - 98,-,-
IGHV3-64D*09,1 - 25,26 - 32,33 - 51,52 - 57,58 - 98,-,-
IGHV3-66*01,1 - 25,26 - 32,33 - 51,52 - 56,57 - 97,-,-
IGHV3-66*02,1 - 25,26 - 32,33 - 51,52 - 56,57 - 97,-,-
IGHV3-66*03,1 - 25,26 - 32,33 - 51,52 - 56,57 - 97,-,-
IGHV3-66*04,1 - 25,26 - 32,33 - 51,52 - 56,57 - 97,-,-
IGHV3-69-1*01,1 - 25,26 - 32,33 - 51,52 - 56,57 - 97,-,-
IGHV3-69-1*02,1 - 25,26 - 32,33 - 51,52 - 56,57 - 97,-,-
IGHV3-7*01,1 - 25,26 - 32,33 - 51,52 - 57,58 - 98,-,-
IGHV3-7*02,1 - 25,26 - 32,33 - 51,52 - 57,58 - 98,-,-
IGHV3-7*03,1 - 25,26 - 32,33 - 51,52 - 57,58 - 98,-,-
IGHV3-7*04,1 - 25,26 - 32,33 - 51,52 - 57,58 - 98,-,-
IGHV3-7*05,1 - 25,26 - 32,33 - 51,52 - 57,58 - 98,-,-
IGHV3-71*01,1 - 25,26 - 32,33 - 51,52 - 58,59 - 99,-,-
IGHV3-71*02,1 - 25,26 - 32,33 - 51,52 - 58,59 - 99,-,-
IGHV3-71*03,1 - 25,26 - 32,33 - 51,52 - 58,59 - 99,-,-
IGHV3-71*04,1 - 25,26 - 32,33 - 51,52 - 58,59 - 99,-,-
IGHV3-72*01,1 - 25,26 - 32,33 - 51,52 - 59,60 - 100,-,-
IGHV3-73*01,1 - 25,26 - 32,33 - 51,52 - 59,60 - 100,-,-
IGHV3-73*02,1 - 25,26 - 32,33 - 51,52 - 59,60 - 100,-,-
IGHV3-74*01,1 - 25,26 - 32,33 - 51,52 - 57,58 - 98,-,-
IGHV3-74*02,1 - 25,26 - 32,33 - 51,52 - 57,58 - 98,-,-
IGHV3-74*03,1 - 25,26 - 32,33 - 51,52 - 57,58 - 98,-,-
IGHV3-9*01,1 - 25,26 - 32,33 - 51,52 - 57,58 - 98,99 - 99,-
IGHV3-9*02,1 - 25,26 - 32,33 - 51,52 - 57,58 - 98,99 - 99,-
IGHV3-9*03,1 - 25,26 - 32,33 - 51,52 - 57,58 - 98,99 - 99,-
IGHV3-9*04,1 - 25,26 - 32,33 - 51,52 - 57,58 - 98,99 - 99,-
IGHV3-NL1*01,1 - 25,26 - 32,33 - 51,52 - 57,58 - 98,-,-
IGHV3/OR15-7*01,1 - 25,26 - 32,33 - 51,52 - 59,60 - 100,-,-
IGHV3/OR15-7*02,1 - 25,26 - 32,33 - 51,52 - 59,60 - 100,-,-
IGHV3/OR15-7*03,1 - 25,26 - 32,33 - 51,52 - 59,60 - 100,-,-
IGHV3/OR15-7*05,1 - 25,26 - 32,33 - 51,52 - 59,60 - 100,-,-
IGHV3/OR16-10*01,1 - 25,26 - 32,33 - 51,52 - 56,57 - 97,-,-
IGHV3/OR16-10*02,1 - 25,26 - 32,33 - 51,52 - 56,57 - 97,-,-
IGHV3/OR16-10*03,1 - 25,26 - 32,33 - 51,52 - 56,57 - 97,-,-
IGHV3/OR16-12*01,1 - 25,26 - 32,33 - 51,52 - 57,58 - 98,-,-
IGHV3/OR16-13*01,1 - 25,26 - 32,33 - 51,52 - 57,58 - 98,-,-
IGHV3/OR16-15*02,1 - 25,26 - 32,33 - 50,51 - 56,57 - 97,-,-
IGHV3/OR16-17*01,1 - 25,26 - 32,33 - 51,52 - 57,58 - 98,-,-
IGHV3/OR16-18*01,1 - 25,26 - 32,33 - 50,51 - 56,57 - 97,-,-
IGHV3/OR16-20*01,1 - 25,26 - 32,33 - 51,52 - 56,57 - 97,-,-
IGHV3/OR16-6*02,1 - 25,26 - 32,33 - 51,52 - 59,60 - 100,-,-
IGHV3/OR16-8*01,1 - 25,26 - 32,33 - 51,52 - 57,58 - 98,-,-
IGHV3/OR16-8*02,1 - 25,26 - 32,33 - 51,52 - 57,58 - 98,-,-
IGHV3/OR16-9*01,1 - 25,26 - 32,33 - 51,52 - 57,58 - 98,-,-
IGHV4-28*01,1 - 25,26 - 33,34 - 52,53 - 57,58 - 98,-,-
IGHV4-28*02,1 - 25,26 - 33,34 - 52,53 - 57,58 - 98,-,-
IGHV4-28*03,1 - 25,26 - 33,34 - 52,53 - 57,58 - 98,-,-
IGHV4-28*04,1 - 25,26 - 33,34 - 52,53 - 57,58 - 98,-,-
IGHV4-28*05,1 - 25,26 - 33,34 - 52,53 - 57,58 - 98,-,-
IGHV4-28*06,1 - 25,26 - 33,34 - 52,53 - 57,58 - 98,-,-
IGHV4-28*07,1 - 25,26 - 33,34 - 52,53 - 57,58 - 98,-,-
IGHV4-30-2*01,1 - 25,26 - 34,35 - 53,54 - 58,59 - 99,-,-
IGHV4-30-2*03,1 - 25,26 - 34,35 - 53,54 - 58,59 - 99,-,-
IGHV4-30-2*05,1 - 25,26 - 34,35 - 53,54 - 58,59 - 99,-,-
IGHV4-30-2*06,1 - 25,26 - 34,35 - 53,54 - 58,59 - 99,-,-
IGHV4-30-4*01,1 - 25,26 - 34,35 - 53,54 - 58,59 - 99,-,-
IGHV4-30-4*02,1 - 25,26 - 34,35 - 53,54 - 58,59 - 99,-,-
IGHV4-30-4*07,1 - 25,26 - 34,35 - 53,54 - 58,59 - 99,-,-
IGHV4-30-4*08,1 - 25,26 - 34,35 - 53,54 - 58,59 - 99,-,-
IGHV4-30-4*09,1 - 25,26 - 34,35 - 53,54 - 58,59 - 99,-,-
IGHV4-30-4*10,1 - 25,26 - 34,35 - 53,54 - 58,59 - 99,-,-
IGHV4-31*01,1 - 25,26 - 34,35 - 53,54 - 58,59 - 99,-,-
IGHV4-31*02,1 - 25,26 - 34,35 - 53,54 - 58,59 - 99,-,-
IGHV4-31*03,1 - 25,26 - 34,35 - 53,54 - 58,59 - 99,-,-
IGHV4-31*10,1 - 25,26 - 34,35 - 53,54 - 58,59 - 99,-,-
IGHV4-31*11,1 - 25,26 - 34,35 - 53,54 - 58,59 - 99,-,-
IGHV4-31*13,1 - 25,26 - 34,35 - 53,54 - 58,59 - 99,-,-
IGHV4-34*01,1 - 25,26 - 32,33 - 51,52 - 56,57 - 97,-,-
IGHV4-34*02,1 - 25,26 - 32,33 - 51,52 - 56,57 - 97,-,-
IGHV4-34*04,1 - 25,26 - 32,33 - 51,52 - 56,57 - 97,-,-
IGHV4-34*05,1 - 25,26 - 32,33 - 51,52 - 56,57 - 97,-,-
IGHV4-34*09,1 - 25,26 - 32,33 - 51,52 - 56,57 - 97,-,-
IGHV4-34*10,1 - 25,26 - 32,33 - 51,52 - 56,57 - 97,-,-
IGHV4-34*12,1 - 25,26 - 32,33 - 51,52 - 56,57 - 97,-,-
IGHV4-38-2*01,1 - 25,26 - 33,34 - 52,53 - 57,58 - 98,-,-
IGHV4-38-2*02,1 - 25,26 - 33,34 - 52,53 - 57,58 - 98,-,-
IGHV4-39*01,1 - 25,26 - 34,35 - 53,54 - 58,59 - 99,-,-
IGHV4-39*02,1 - 25,26 - 34,35 - 53,54 - 58,59 - 99,-,-
IGHV4-39*06,1 - 25,26 - 34,35 - 53,54 - 58,59 - 99,-,-
IGHV4-39*07,1 - 25,26 - 34,35 - 53,54 - 58,59 - 99,-,-
IGHV4-39*08,1 - 25,26 - 34,35 - 53,54 - 58,59 - 99,-,-
IGHV4-39*09,1 - 25,26 - 34,35 - 53,54 - 58,59 - 99,-,-
IGHV4-4*01,1 - 25,26 - 33,34 - 52,53 - 57,58 - 98,-,-
IGHV4-4*02,1 - 25,26 - 33,34 - 52,53 - 57,58 - 98,-,-
IGHV4-4*03,1 - 25,26 - 33,34 - 52,53 - 57,58 - 98,-,-
IGHV4-4*07,1 - 25,26 - 32,33 - 51,52 - 56,57 - 97,-,-
IGHV4-4*08,1 - 25,26 - 32,33 - 51,52 - 56,57 - 97,-,-
IGHV4-4*09,1 - 25,26 - 32,33 - 51,52 - 56,57 - 97,-,-
IGHV4-4*10,1 - 25,26 - 33,34 - 52,53 - 57,58 - 98,-,-
IGHV4-4*12,1 - 25,26 - 33,34 - 52,53 - 57,58 - 98,-,-
IGHV4-55*01,1 - 25,26 - 32,33 - 51,52 - 56,57 - 97,-,-
IGHV4-55*02,1 - 25,26 - 32,33 - 51,52 - 56,57 - 97,-,-
IGHV4-55*08,1 - 25,26 - 32,33 - 51,52 - 56,57 - 97,-,-
IGHV4-55*09,1 - 25,26 - 32,33 - 51,52 - 56,57 - 97,-,-
IGHV4-59*01,1 - 25,26 - 32,33 - 51,52 - 56,57 - 97,-,-
IGHV4-59*02,1 - 25,26 - 32,33 - 51,52 - 56,57 - 97,-,-
IGHV4-59*07,1 - 25,26 - 32,33 - 51,52 - 56,57 - 97,-,-
IGHV4-59*10,1 - 25,26 - 32,33 - 51,52 - 56,57 - 97,-,-
IGHV4-59*11,1 - 25,26 - 32,33 - 51,52 - 56,57 - 97,-,-
IGHV4-59*12,1 - 25,26 - 32,33 - 51,52 - 56,57 - 97,-,-
IGHV4-59*13,1 - 25,26 - 32,33 - 51,52 - 56,57 - 97,-,-
IGHV4-61*01,1 - 25,26 - 34,35 - 53,54 - 58,59 - 99,-,-
IGHV4-61*02,1 - 25,26 - 34,35 - 53,54 - 58,59 - 99,-,-
IGHV4-61*03,1 - 25,26 - 34,35 - 53,54 - 58,59 - 99,-,-
IGHV4-61*05,1 - 25,26 - 34,35 - 53,54 - 58,59 - 99,-,-
IGHV4-61*08,1 - 25,26 - 34,35 - 53,54 - 58,59 - 99,-,-
IGHV4-61*09,1 - 25,26 - 34,35 - 53,54 - 58,59 - 99,-,-
IGHV4-61*10,1 - 25,26 - 34,35 - 53,54 - 58,59 - 99,-,-
IGHV4-61*11,1 - 25,26 - 34,35 - 53,54 - 58,59 - 99,-,-
IGHV4-61*12,1 - 25,26 - 32,33 - 51,52 - 56,57 - 97,-,-
IGHV4/OR15-8*01,1 - 25,26 - 33,34 - 52,53 - 57,58 - 98,-,-
IGHV4/OR15-8*02,1 - 25,26 - 33,34 - 52,53 - 57,58 - 98,-,-
IGHV4/OR15-8*03,1 - 25,26 - 33,34 - 52,53 - 57,58 - 98,-,-
IGHV5-10-1*01,1 - 25,26 - 32,33 - 51,52 - 57,58 - 98,-,-
IGHV5-10-1*02,1 - 25,26 - 32,33 - 51,52 - 57,58 - 98,-,-
IGHV5-10-1*03,1 - 25,26 - 32,33 - 51,52 - 57,58 - 98,-,-
IGHV5-10-1*04,1 - 25,26 - 32,33 - 51,52 - 57,58 - 98,-,-
IGHV5-51*01,1 - 25,26 - 32,33 - 51,52 - 57,58 - 98,-,-
IGHV5-51*02,1 - 25,26 - 32,33 - 51,52 - 57,58 - 98,-,-
IGHV5-51*03,1 - 25,26 - 32,33 - 51,52 - 57,58 - 98,-,-
IGHV5-51*04,1 - 25,26 - 32,33 - 51,52 - 57,58 - 98,-,-
IGHV5-51*06,1 - 25,26 - 32,33 - 51,52 - 57,58 - 98,-,-
IGHV5-51*07,1 - 25,26 - 32,33 - 51,52 - 57,58 - 98,-,-
IGHV5-78*01,1 - 25,26 - 32,33 - 51,52 - 57,58 - 98,-,-
IGHV6-1*01,1 - 25,26 - 34,35 - 53,54 - 60,61 - 101,-,-
IGHV6-1*02,1 - 25,26 - 34,35 - 53,54 - 60,61 - 101,-,-
IGHV6-1*03,1 - 25,26 - 34,35 - 53,54 - 59,60 - 100,-,-
IGHV7-4-1*01,1 - 25,26 - 32,33 - 51,52 - 57,58 - 98,-,-
IGHV7-4-1*02,1 - 25,26 - 32,33 - 51,52 - 57,58 - 98,-,-
IGHV7-4-1*04,1 - 25,26 - 32,33 - 51,52 - 57,58 - 98,-,-
IGHV7-4-1*05,1 - 25,26 - 32,33 - 51,52 - 57,58 - 98,-,-
IGHV7-81*01,1 - 25,26 - 32,33 - 51,52 - 57,58 - 98,-,-
IGHV7-81*02,1 - 25,26 - 32,33 - 51,52 - 57,58 - 98,-,-
