sequence_id	d_call	d_identity	d_alignment_length	d_number_of_mismatches	d_number_of_gap_openings	d_sequence_start	d_sequence_end	d_germline_start	d_germline_end	d_support	d_score	d_sequence_alignment	d_germline_alignment
AAATCCCCACTGGGAG-1_contig_2	IGHD3-2*02	100.0	16	0	0	411	426	1	16	0.000156	30.7	AGACAGCTCAGGCTAC	AGACAGCTCAGGCTAC
AACAGAGGTCAAGGCC-1_contig_2	IGHD3-2*02	100.0	15	0	0	411	425	2	16	0.000566	28.8	GACAGCTCAGGCTAC	GACAGCTCAGGCTAC
AACCCATCACGCTTTC-1_contig_1	IGHD1-1*01	100.0	16	0	0	415	430	4	19	0.00013	30.7	ATTACTACGGTAGTAG	ATTACTACGGTAGTAG
AACTATATCGGCCAAT-1_contig_2	IGHD1-1*02	95.652	23	1	0	401	423	1	23	7.79e-07	38.1	TTTATTACTACGGTGGTAGCTAC	TTTATTACTATGGTGGTAGCTAC
AACTATATCGGCCAAT-1_contig_2	IGHD1-1*01	95.652	23	1	0	401	423	1	23	7.79e-07	38.1	TTTATTACTACGGTGGTAGCTAC	TTTATTACTACGGTAGTAGCTAC
AACTTGTAGGCTCTAA-1_contig_1	IGHD1-1*01	100.0	17	0	0	413	429	4	20	4.43e-05	32.5	ATTACTACGGTAGTAGC	ATTACTACGGTAGTAGC
AATTGGGCAACCCTAG-1_contig_2	IGHD1-1*01	100.0	16	0	0	395	410	5	20	0.000154	30.7	TTACTACGGTAGTAGC	TTACTACGGTAGTAGC
ACATTCTGTACTCTAT-1_contig_2	IGHD2-9*02	100.0	17	0	0	448	464	1	17	4.65e-05	32.5	TCTACTATGATTACGAC	TCTACTATGATTACGAC
ACATTCTGTACTCTAT-1_contig_2	IGHD2-4*01	100.0	17	0	0	448	464	1	17	4.65e-05	32.5	TCTACTATGATTACGAC	TCTACTATGATTACGAC
ACCACCTGTCAAAGGA-1_contig_2	IGHD1-1*01	100.0	17	0	0	412	428	4	20	4.36e-05	32.5	ATTACTACGGTAGTAGC	ATTACTACGGTAGTAGC
ACGAACGAGCGCGTCA-1_contig_1	IGHD1-1*01	100.0	16	0	0	416	431	6	21	0.000159	30.7	TACTACGGTAGTAGCT	TACTACGGTAGTAGCT
ACTTTCATCCTAGCCC-1_contig_1	IGHD1-1*01	100.0	16	0	0	415	430	4	19	0.00013	30.7	ATTACTACGGTAGTAG	ATTACTACGGTAGTAG
AGCGTAGAGAAGCATA-1_contig_1	IGHD1-1*01	95.652	23	0	1	437	459	2	23	2.92e-06	36.2	TTATTACTACGGTAGTAGACTAC	TTATTACTACGGTAGTAG-CTAC
AGCGTAGAGAGAGGAA-1_contig_1	IGHD1-1*01	100.0	18	0	0	410	427	3	20	1.21e-05	34.4	TATTACTACGGTAGTAGC	TATTACTACGGTAGTAGC
AGGAGGACACTGTACG-1_contig_1	IGHD1-1*01	100.0	15	0	0	394	408	6	20	0.000554	28.8	TACTACGGTAGTAGC	TACTACGGTAGTAGC
AGGATCACAGTTAGTC-1_contig_2	IGHD1-1*01	94.737	19	1	0	413	431	5	23	0.000131	30.7	TTACTACGGTAGTAGTTAC	TTACTACGGTAGTAGCTAC
AGGATTCGTCCGCTAT-1_contig_1	IGHD1-1*01	100.0	17	0	0	397	413	5	21	4.27e-05	32.5	TTACTACGGTAGTAGCT	TTACTACGGTAGTAGCT
AGGCCATTCGCTCCAC-1_contig_2	IGHD1-1*01	100.0	19	0	0	410	428	4	22	2.81e-06	36.2	ATTACTACGGTAGTAGCTA	ATTACTACGGTAGTAGCTA
AGGCGACAGCTACAGC-1_contig_2	IGHD1-1*01	100.0	18	0	0	409	426	3	20	1.22e-05	34.4	TATTACTACGGTAGTAGC	TATTACTACGGTAGTAGC
AGGGAGTGTAATGGGA-1_contig_2	IGHD2-7*01	100.0	17	0	0	404	420	1	17	4.34e-05	32.5	TCTACTATGGTTACGAC	TCTACTATGGTTACGAC
AGGGAGTGTAATGGGA-1_contig_2	IGHD2-2*01	100.0	17	0	0	404	420	1	17	4.34e-05	32.5	TCTACTATGGTTACGAC	TCTACTATGGTTACGAC
AGGGAGTGTAATGGGA-1_contig_2	IGHD2-9*01	100.0	16	0	0	405	420	2	17	0.000156	30.7	CTACTATGGTTACGAC	CTACTATGGTTACGAC
AGGGTCTTCCCACATT-1_contig_2	IGHD2-9*02	100.0	15	0	0	415	429	2	16	0.000459	28.8	CTACTATGATTACGA	CTACTATGATTACGA
AGGGTCTTCCCACATT-1_contig_2	IGHD2-4*01	100.0	15	0	0	415	429	2	16	0.000459	28.8	CTACTATGATTACGA	CTACTATGATTACGA
AGTACTGTCCTCGTCA-1_contig_1	IGHD1-1*01	94.737	19	1	0	409	427	5	23	0.00013	30.7	TTACTTCGGTAGTAGCTAC	TTACTACGGTAGTAGCTAC
ATAATGCTCGCGTCGA-1_contig_2	IGHD1-1*01	100.0	16	0	0	405	420	8	23	0.000127	30.7	CTACGGTAGTAGCTAC	CTACGGTAGTAGCTAC
ATATTACCAGTAACCT-1_contig_4	IGHD2-6*01	100.0	17	0	0	434	450	1	17	4.52e-05	32.5	CCTACTATAGTAACTAC	CCTACTATAGTAACTAC
ATATTACCAGTAACCT-1_contig_4	IGHD2-5*01	100.0	17	0	0	434	450	1	17	4.52e-05	32.5	CCTACTATAGTAACTAC	CCTACTATAGTAACTAC
ATGCGGTTCAGTGAAA-1_contig_2	IGHD1-1*01	94.444	18	1	0	411	428	6	23	0.000569	28.8	TACTACGGTAGTAGTTAC	TACTACGGTAGTAGCTAC
ATGCTCGCACGGTGTC-1_contig_1	IGHD1-1*01	100.0	19	0	0	448	466	5	23	3.59e-06	36.2	TTACTACGGTAGTAGCTAC	TTACTACGGTAGTAGCTAC
ATGCTCGCACGTTAGT-1_contig_2	IGHD2-6*01	100.0	17	0	0	436	452	1	17	4.55e-05	32.5	CCTACTATAGTAACTAC	CCTACTATAGTAACTAC
ATGCTCGCACGTTAGT-1_contig_2	IGHD2-5*01	100.0	17	0	0	436	452	1	17	4.55e-05	32.5	CCTACTATAGTAACTAC	CCTACTATAGTAACTAC
ATGTCGGGTATGTACA-1_contig_1	IGHD1-1*01	100.0	18	0	0	402	419	3	20	1.01e-05	34.4	TATTACTACGGTAGTAGC	TATTACTACGGTAGTAGC
ATGTGGCTCGGGCAAA-1_contig_2	IGHD2-3*01	100.0	16	0	0	410	425	2	17	0.000158	30.7	CTATGATGGTTACTAC	CTATGATGGTTACTAC
ATTAAAGCACGAGTAA-1_contig_2	IGHD2-3*01	100.0	17	0	0	415	431	1	17	4.4e-05	32.5	TCTATGATGGTTACTAC	TCTATGATGGTTACTAC
CACGGTCCAAGTATCC-1_contig_1	IGHD1-1*01	100.0	20	0	0	406	425	4	23	9.41e-07	38.1	ATTACTACGGTAGTAGCTAC	ATTACTACGGTAGTAGCTAC
CAGTAGCTCGTCTCTG-1_contig_2	IGHD1-1*01	100.0	19	0	0	404	422	2	20	3.36e-06	36.2	TTATTACTACGGTAGTAGC	TTATTACTACGGTAGTAGC
CAGTATGTCCAGCAGT-1_contig_1	IGHD1-1*01	100.0	18	0	0	380	397	6	23	1.17e-05	34.4	TACTACGGTAGTAGCTAC	TACTACGGTAGTAGCTAC
CATACTTGTATACTTC-1_contig_1	IGHD2-9*02	100.0	15	0	0	406	420	1	15	0.000564	28.8	TCTACTATGATTACG	TCTACTATGATTACG
CATACTTGTATACTTC-1_contig_1	IGHD2-4*01	100.0	15	0	0	406	420	1	15	0.000564	28.8	TCTACTATGATTACG	TCTACTATGATTACG
CATTCCGTCAGACATT-1_contig_2	IGHD2-6*01	100.0	17	0	0	406	422	1	17	3.58e-05	32.5	CCTACTATAGTAACTAC	CCTACTATAGTAACTAC
CATTCCGTCAGACATT-1_contig_2	IGHD2-5*01	100.0	17	0	0	406	422	1	17	3.58e-05	32.5	CCTACTATAGTAACTAC	CCTACTATAGTAACTAC
CCGCATACAACCTCAG-1_contig_2	IGHD2-6*01	100.0	17	0	0	410	426	1	17	4.34e-05	32.5	CCTACTATAGTAACTAC	CCTACTATAGTAACTAC
CCGCATACAACCTCAG-1_contig_2	IGHD2-5*01	100.0	17	0	0	410	426	1	17	4.34e-05	32.5	CCTACTATAGTAACTAC	CCTACTATAGTAACTAC
CCGCTGTTCATGAATC-1_contig_1	IGHD2-12*01	100.0	16	0	0	398	413	1	16	0.000127	30.7	CCTACTATAGTTACTA	CCTACTATAGTTACTA
CCGTTTAGTCGGCTGG-1_contig_2	IGHD1-1*01	95.652	23	0	1	440	462	2	23	2.94e-06	36.2	TTATTACTACGGTAGTAGACTAC	TTATTACTACGGTAGTAG-CTAC
CCTAGCACAGGCTTCA-1_contig_1	IGHD2-11*02	100.0	17	0	0	414	430	1	17	3.71e-05	32.5	CCTACTATGGTAACTAC	CCTACTATGGTAACTAC
CCTAGCACAGGCTTCA-1_contig_1	IGHD2-10*01	100.0	17	0	0	414	430	1	17	3.71e-05	32.5	CCTACTATGGTAACTAC	CCTACTATGGTAACTAC
CCTAGCACAGGCTTCA-1_contig_1	IGHD2-8*01	100.0	16	0	0	415	430	2	17	0.000133	30.7	CTACTATGGTAACTAC	CTACTATGGTAACTAC
CCTAGCACAGGCTTCA-1_contig_1	IGHD2-1*01	100.0	16	0	0	415	430	2	17	0.000133	30.7	CTACTATGGTAACTAC	CTACTATGGTAACTAC
CCTCATCCAGTTAATT-1_contig_1	IGHD1-1*01	100.0	19	0	0	411	429	4	22	2.81e-06	36.2	ATTACTACGGTAGTAGCTA	ATTACTACGGTAGTAGCTA
CCTCTACCACCAGATT-1_contig_3	IGHD2-3*01	100.0	17	0	0	392	408	1	17	4.23e-05	32.5	TCTATGATGGTTACTAC	TCTATGATGGTTACTAC
CGCAGCTCAAGGGACT-1_contig_1	IGHD2-7*01	100.0	17	0	0	395	411	1	17	4.28e-05	32.5	TCTACTATGGTTACGAC	TCTACTATGGTTACGAC
CGCAGCTCAAGGGACT-1_contig_1	IGHD2-2*01	100.0	17	0	0	395	411	1	17	4.28e-05	32.5	TCTACTATGGTTACGAC	TCTACTATGGTTACGAC
CGCAGCTCAAGGGACT-1_contig_1	IGHD2-9*01	100.0	16	0	0	396	411	2	17	0.000154	30.7	CTACTATGGTTACGAC	CTACTATGGTTACGAC
CGCGTACCAACACAGA-1_contig_1	IGHD1-1*01	100.0	20	0	0	410	429	4	23	9.63e-07	38.1	ATTACTACGGTAGTAGCTAC	ATTACTACGGTAGTAGCTAC
CGGACATTCAGTGCTA-1_contig_1	IGHD2-3*01	100.0	15	0	0	416	430	3	17	0.000469	28.8	TATGATGGTTACTAC	TATGATGGTTACTAC
CGGGTTTAGCGATGGA-1_contig_2	IGHD1-1*01	95.238	21	1	0	420	440	3	23	1.03e-05	34.4	TATTACTACGGTAGTAGTTAC	TATTACTACGGTAGTAGCTAC
CTAAAGTTCGCGTAGT-1_contig_1	IGHD1-1*01	95.652	23	0	1	440	462	2	23	2.94e-06	36.2	TTATTACTACGGTAGTAGACTAC	TTATTACTACGGTAGTAG-CTAC
CTAGTCGCAGGAAGCT-1_contig_2	IGHD1-1*01	100.0	17	0	0	431	447	3	19	4.53e-05	32.5	TATTACTACGGTAGTAG	TATTACTACGGTAGTAG
CTAGTTGAGGCTGTTA-1_contig_2	IGHD1-1*01	100.0	15	0	0	390	404	6	20	0.000553	28.8	TACTACGGTAGTAGC	TACTACGGTAGTAGC
CTCAGCCTCAACACGC-1_contig_1	IGHD1-1*01	100.0	15	0	0	409	423	7	21	0.000558	28.8	ACTACGGTAGTAGCT	ACTACGGTAGTAGCT
CTGGCATAGCTGTATG-1_contig_2	IGHD1-1*01	100.0	21	0	0	399	419	3	23	2.6e-07	39.9	TATTACTACGGTAGTAGCTAC	TATTACTACGGTAGTAGCTAC
CTGGGCTCAAAGCTTC-1_contig_2	IGHD1-1*01	100.0	19	0	0	415	433	2	20	3.4e-06	36.2	TTATTACTACGGTAGTAGC	TTATTACTACGGTAGTAGC
CTTAACCTCCAGCTAA-1_contig_2	IGHD1-1*02	95.652	23	1	0	401	423	1	23	7.79e-07	38.1	TTTATTACTACGGTGGTAGCTAC	TTTATTACTATGGTGGTAGCTAC
CTTAACCTCCAGCTAA-1_contig_2	IGHD1-1*01	95.652	23	1	0	401	423	1	23	7.79e-07	38.1	TTTATTACTACGGTGGTAGCTAC	TTTATTACTACGGTAGTAGCTAC
CTTATAGCAAGTTACC-1_contig_1	IGHD2-9*02	100.0	15	0	0	413	427	2	16	0.000457	28.8	CTACTATGATTACGA	CTACTATGATTACGA
CTTATAGCAAGTTACC-1_contig_1	IGHD2-4*01	100.0	15	0	0	413	427	2	16	0.000457	28.8	CTACTATGATTACGA	CTACTATGATTACGA
CTTCTAGGTGGTGTCA-1_contig_1	IGHD1-1*01	100.0	16	0	0	418	433	4	19	0.000131	30.7	ATTACTACGGTAGTAG	ATTACTACGGTAGTAG
CTTGGCGAGAATCTGT-1_contig_2	IGHD1-1*01	100.0	19	0	0	429	447	5	23	2.89e-06	36.2	TTACTACGGTAGTAGCTAC	TTACTACGGTAGTAGCTAC
GCATCGCCACCAACGC-1_contig_2	IGHD1-1*01	100.0	17	0	0	413	429	3	19	3.65e-05	32.5	TATTACTACGGTAGTAG	TATTACTACGGTAGTAG
GCGCAATTCACGCAAC-1_contig_2	IGHD2-9*02	100.0	15	0	0	414	428	2	16	0.000458	28.8	CTACTATGATTACGA	CTACTATGATTACGA
GCGCAATTCACGCAAC-1_contig_2	IGHD2-4*01	100.0	15	0	0	414	428	2	16	0.000458	28.8	CTACTATGATTACGA	CTACTATGATTACGA
GCTCATAAGCGTCAGT-1_contig_2	IGHD2-6*01	100.0	17	0	0	402	418	1	17	3.55e-05	32.5	CCTACTATAGTAACTAC	CCTACTATAGTAACTAC
GCTCATAAGCGTCAGT-1_contig_2	IGHD2-5*01	100.0	17	0	0	402	418	1	17	3.55e-05	32.5	CCTACTATAGTAACTAC	CCTACTATAGTAACTAC
GCTTATGAGGTCGACT-1_contig_2	IGHD1-1*01	100.0	17	0	0	391	407	7	23	4.24e-05	32.5	ACTACGGTAGTAGCTAC	ACTACGGTAGTAGCTAC
GGAACTACAACTGAAG-1_contig_1	IGHD2-8*01	100.0	15	0	0	415	429	1	15	0.000473	28.8	TCTACTATGGTAACT	TCTACTATGGTAACT
GGAACTACAACTGAAG-1_contig_1	IGHD2-1*01	100.0	15	0	0	415	429	1	15	0.000473	28.8	TCTACTATGGTAACT	TCTACTATGGTAACT
GGACCGACACAGTCAT-1_contig_1	IGHD2-3*01	100.0	15	0	0	417	431	3	17	0.00047	28.8	TATGATGGTTACTAC	TATGATGGTTACTAC
GGATTAAAGCCTCATT-1_contig_1	IGHD1-1*01	100.0	18	0	0	407	424	3	20	1.22e-05	34.4	TATTACTACGGTAGTAGC	TATTACTACGGTAGTAGC
GGCAATCTCCTTGTCG-1_contig_2	IGHD1-1*02	95.652	23	1	0	401	423	1	23	7.79e-07	38.1	TTTATTACTACGGTGGTAGCTAC	TTTATTACTATGGTGGTAGCTAC
GGCAATCTCCTTGTCG-1_contig_2	IGHD1-1*01	95.652	23	1	0	401	423	1	23	7.79e-07	38.1	TTTATTACTACGGTGGTAGCTAC	TTTATTACTACGGTAGTAGCTAC
GGGGTAGGTGTGCAAT-1_contig_2	IGHD2-9*02	100.0	15	0	0	414	428	2	16	0.000458	28.8	CTACTATGATTACGA	CTACTATGATTACGA
GGGGTAGGTGTGCAAT-1_contig_2	IGHD2-4*01	100.0	15	0	0	414	428	2	16	0.000458	28.8	CTACTATGATTACGA	CTACTATGATTACGA
GGGTCATTCATACGCA-1_contig_1	IGHD1-1*01	91.304	23	1	1	444	466	2	23	0.000138	30.7	TTATTACTACGGCAGTAGACTAC	TTATTACTACGGTAGTAG-CTAC
GGTTACATCCTCTAGT-1_contig_2	IGHD2-6*01	100.0	17	0	0	405	421	1	17	3.57e-05	32.5	CCTACTATAGTAACTAC	CCTACTATAGTAACTAC
GGTTACATCCTCTAGT-1_contig_2	IGHD2-5*01	100.0	17	0	0	405	421	1	17	3.57e-05	32.5	CCTACTATAGTAACTAC	CCTACTATAGTAACTAC
GTCGATGGTCGACTTC-1_contig_1	IGHD1-1*01	100.0	18	0	0	421	438	3	20	1.23e-05	34.4	TATTACTACGGTAGTAGC	TATTACTACGGTAGTAGC
GTCTCGACACCCTTCG-1_contig_2	IGHD1-1*01	100.0	19	0	0	393	411	5	23	3.31e-06	36.2	TTACTACGGTAGTAGCTAC	TTACTACGGTAGTAGCTAC
GTGCCGGGTGTGTTAA-1_contig_2	IGHD1-1*01	100.0	20	0	0	434	453	2	21	9.82e-07	38.1	TTATTACTACGGTAGTAGCT	TTATTACTACGGTAGTAGCT
GTGCTAATCCTTCATA-1_contig_1	IGHD1-1*01	100.0	19	0	0	402	420	2	20	3.37e-06	36.2	TTATTACTACGGTAGTAGC	TTATTACTACGGTAGTAGC
GTGGGTTTCGCCCTTA-1_contig_1	IGHD2-9*02	100.0	15	0	0	412	426	2	16	0.000456	28.8	CTACTATGATTACGA	CTACTATGATTACGA
GTGGGTTTCGCCCTTA-1_contig_1	IGHD2-4*01	100.0	15	0	0	412	426	2	16	0.000456	28.8	CTACTATGATTACGA	CTACTATGATTACGA
GTGTCGTAGCAGTATT-1_contig_1	IGHD1-1*01	91.304	23	1	1	444	466	2	23	0.000138	30.7	TTATTACTACGGTAGTGGACTAC	TTATTACTACGGTAGTAG-CTAC
GTTACCGCAATTCTAG-1_contig_2	IGHD1-1*01	100.0	18	0	0	398	415	3	20	1.21e-05	34.4	TATTACTACGGTAGTAGC	TATTACTACGGTAGTAGC
GTTAGAGCAACTTCGG-1_contig_2	IGHD1-1*01	100.0	15	0	0	404	418	8	22	0.000564	28.8	CTACGGTAGTAGCTA	CTACGGTAGTAGCTA
GTTCATTGTATTCGTT-1_contig_2	IGHD1-1*01	100.0	18	0	0	398	415	3	20	1.21e-05	34.4	TATTACTACGGTAGTAGC	TATTACTACGGTAGTAGC
